timestamp,sound,vibration
2026-09-24 14:33:58,8,1
2026-09-24 14:33:59,5,1
2026-09-24 14:34:01,9,1
2026-09-24 14:34:03,19,1
2026-09-24 14:34:05,16,1
2026-09-24 14:34:07,5,1
2026-09-24 14:34:09,14,1
2026-09-24 14:34:11,19,1
2026-09-24 14:34:13,10,1
2026-09-24 14:34:15,7,1
2026-09-24 14:34:17,14,1
2026-09-24 14:34:19,18,1
2026-09-24 14:34:21,12,1
2026-09-24 14:34:23,7,1
2026-09-24 14:34:25,17,1
2026-09-24 14:34:27,18,1
2026-09-24 14:34:29,9,1
2026-09-24 14:34:31,9,1
2026-09-24 14:34:33,21,1
2026-09-24 14:34:35,17,1
2026-09-24 14:34:37,8,1
2026-09-24 14:34:39,10,1
2026-09-24 14:34:41,21,1
2026-09-24 14:34:43,16,1
2026-09-24 14:34:45,8,1
2026-09-24 14:34:47,10,1
2026-09-24 14:34:49,15,1
2026-09-24 14:34:51,16,1
2026-09-24 14:34:53,5,1
2026-09-24 14:34:55,7,1
2026-09-24 14:34:57,17,1
2026-09-24 14:34:59,12,1
2026-09-24 14:35:01,6,1
2026-09-24 14:35:03,15,1
2026-09-24 14:35:05,19,1
2026-09-24 14:38:12,8,1
2026-09-24 14:38:13,13,1
2026-09-24 14:38:15,13,1
2026-09-24 14:38:17,12,1
2026-09-24 14:38:19,7,1
2026-09-24 14:38:21,19,1
2026-09-24 14:38:23,12,1
2026-09-24 14:38:25,7,1
2026-09-24 14:38:27,13,1
2026-09-24 14:38:29,16,1
2026-09-24 14:38:31,10,1
2026-09-24 14:38:33,9,1
2026-09-24 14:38:35,19,1
2026-09-24 14:38:37,9,1
2026-09-24 14:38:39,7,1
2026-09-24 14:38:41,15,1
2026-09-24 14:38:43,16,1
2026-09-24 14:38:45,3,1
2026-09-24 14:38:47,16,1
2026-09-24 14:38:49,13,1
2026-09-24 14:38:51,9,1
2026-09-24 14:38:53,9,1
2026-09-24 14:38:55,17,1
2026-09-24 14:38:57,12,1
2026-09-24 14:38:59,5,1
2026-09-24 14:39:01,19,1
2026-09-24 14:39:03,14,1
2026-09-24 14:39:05,6,1
2026-09-24 14:39:07,8,1
2026-09-24 14:39:09,18,1
2026-09-24 14:39:11,18,1
2026-09-24 14:39:13,6,1
2026-09-24 14:39:15,14,1
2026-09-24 14:39:17,21,1
2026-09-24 14:39:19,8,1
2026-09-24 14:39:21,3,1
2026-09-24 14:39:23,13,1
2026-09-24 14:39:25,18,1
2026-09-24 14:39:27,17,1
2026-09-24 14:39:29,5,1
2026-09-24 14:39:31,8,1
2026-09-24 14:39:33,17,1
2026-09-24 14:39:35,15,1
2026-09-24 14:39:37,6,1
2026-09-24 14:39:39,13,1
2026-09-24 14:39:41,20,1
2026-09-24 14:39:43,8,1
2026-09-24 14:39:45,4,1
2026-09-24 14:39:47,14,1
2026-09-24 14:39:49,17,1
2026-09-24 14:39:51,10,1
2026-09-24 14:39:53,5,1
2026-09-24 14:39:55,22,1
2026-09-24 14:39:57,14,1
2026-09-24 14:39:59,5,1
2026-09-24 14:40:01,14,1
2026-09-24 14:40:03,18,1
2026-09-24 14:40:06,14,1
2026-09-24 14:40:07,9,1
2026-09-24 14:40:09,17,1
2026-09-24 14:40:11,9,1
2026-09-24 14:40:13,5,1
2026-09-24 14:40:15,14,1
2026-09-24 14:40:17,16,1
2026-09-24 14:40:19,12,1
2026-09-24 14:40:21,9,1
2026-09-24 14:40:23,17,1
2026-09-24 14:40:25,9,1
2026-09-24 14:40:27,6,1
2026-09-24 14:40:29,20,1
2026-09-24 14:40:31,14,1
2026-09-24 14:40:33,4,1
2026-09-24 14:40:35,14,1
2026-09-24 14:40:37,16,1
2026-09-24 14:40:39,5,1
2026-09-24 14:40:41,14,1
2026-09-24 14:40:43,17,1
2026-09-24 14:40:45,7,1
2026-09-24 14:40:47,12,1
2026-09-24 14:40:49,14,1
2026-09-24 14:40:51,7,1
2026-09-24 14:40:53,14,1
2026-09-24 14:40:55,10,1
2026-09-24 14:40:57,7,1
2026-09-24 14:40:59,19,1
2026-09-24 14:41:01,9,1
2026-09-24 14:41:03,9,1
2026-09-24 14:41:05,17,1
2026-09-24 14:41:07,9,1
2026-09-24 14:41:09,9,1
2026-09-24 14:41:11,18,1
2026-09-24 14:41:13,9,1
2026-09-24 14:41:15,9,1
2026-09-24 14:41:17,17,1
2026-09-24 14:41:19,6,1
2026-09-24 14:41:21,12,1
2026-09-24 14:41:23,14,1
