timestamp,temperature,humidity,sound,vibration
2026-09-15 16:47:45,nan,nan,8,1
2026-09-15 16:47:45,nan,nan,17,1
2026-09-15 16:47:46,nan,nan,7,1
2026-09-15 16:47:47,nan,nan,3,1
2026-09-15 16:47:48,nan,nan,10,1
2026-09-15 16:47:49,nan,nan,15,1
2026-09-15 16:47:50,nan,nan,7,1
2026-09-15 16:47:51,nan,nan,2,1
2026-09-15 16:47:52,nan,nan,16,1
2026-09-15 16:47:53,nan,nan,18,1
2026-09-15 16:47:54,nan,nan,4,1
2026-09-15 16:47:55,nan,nan,2,1
2026-09-15 16:47:56,nan,nan,20,1
2026-09-15 16:47:57,nan,nan,19,1
2026-09-15 16:47:58,nan,nan,2,1
2026-09-15 16:47:59,nan,nan,1,1
2026-09-15 16:48:00,nan,nan,17,1
2026-09-15 16:48:01,nan,nan,19,1
2026-09-15 16:48:02,nan,nan,0,1
2026-09-15 16:48:03,nan,nan,4,1
2026-09-15 16:48:04,nan,nan,17,1
2026-09-15 16:48:05,nan,nan,14,1
2026-09-15 16:48:06,nan,nan,2,1
2026-09-15 16:48:07,nan,nan,2,1
2026-09-15 16:48:08,nan,nan,16,1
2026-09-15 16:48:09,nan,nan,10,1
2026-09-15 16:48:11,nan,nan,5,1
2026-09-15 16:48:12,nan,nan,8,1
2026-09-15 16:48:13,nan,nan,15,1
2026-09-15 16:48:14,nan,nan,8,1
2026-09-15 16:48:15,nan,nan,9,1
2026-09-15 16:48:16,nan,nan,17,1
2026-09-15 16:48:17,nan,nan,6,1
2026-09-15 16:48:18,nan,nan,2,1
2026-09-15 16:48:19,nan,nan,8,1
2026-09-15 16:48:20,nan,nan,14,1
2026-09-15 16:48:21,nan,nan,8,1
2026-09-15 16:48:22,nan,nan,3,1
2026-09-15 16:48:23,nan,nan,14,1
2026-09-15 16:48:24,nan,nan,15,1
2026-09-15 16:48:25,nan,nan,6,1
2026-09-15 16:48:26,nan,nan,2,1
2026-09-15 16:48:27,nan,nan,17,1
2026-09-15 16:48:28,nan,nan,19,1
2026-09-15 16:48:29,nan,nan,2,1
2026-09-15 16:48:30,nan,nan,1,1
2026-09-15 16:48:31,nan,nan,22,1
2026-09-15 16:48:32,nan,nan,16,1
2026-09-15 16:48:33,nan,nan,1,1
2026-09-15 16:48:34,nan,nan,2,1
2026-09-15 16:48:35,nan,nan,15,1
2026-09-15 16:48:36,nan,nan,9,1
2026-09-15 16:48:38,nan,nan,14,1
2026-09-15 16:48:39,nan,nan,21,1
2026-09-15 16:48:40,nan,nan,0,1
2026-09-15 16:48:41,nan,nan,4,1
2026-09-15 16:48:42,nan,nan,9,1
2026-09-15 16:48:43,nan,nan,16,1
2026-09-15 16:48:44,nan,nan,5,1
2026-09-15 16:48:45,nan,nan,1,1
2026-09-15 16:48:46,nan,nan,15,1
2026-09-15 16:48:47,nan,nan,13,1
2026-09-15 16:48:48,nan,nan,3,1
2026-09-15 16:48:49,nan,nan,5,1
2026-09-15 16:48:50,nan,nan,16,1
2026-09-15 16:48:51,nan,nan,12,1
2026-09-15 16:48:52,nan,nan,2,1
2026-09-15 16:48:53,nan,nan,13,1
2026-09-15 16:48:54,nan,nan,15,1
2026-09-15 16:48:55,nan,nan,2,1
2026-09-15 16:48:56,nan,nan,14,1
2026-09-15 16:48:57,nan,nan,16,1
2026-09-15 16:48:58,nan,nan,2,1
2026-09-15 16:48:59,nan,nan,1,1
2026-09-15 16:49:00,nan,nan,20,1
2026-09-15 16:49:01,nan,nan,21,1
2026-09-15 16:49:02,nan,nan,4,1
2026-09-15 16:49:03,nan,nan,7,1
2026-09-15 16:49:05,nan,nan,20,1
2026-09-15 16:49:06,nan,nan,18,1
2026-09-15 16:49:07,nan,nan,5,1
2026-09-15 16:49:08,nan,nan,8,1
2026-09-15 16:49:09,nan,nan,9,1
2026-09-15 16:49:10,nan,nan,1,1
2026-09-15 16:49:11,nan,nan,13,1
2026-09-15 16:49:12,nan,nan,20,1
2026-09-15 16:49:13,nan,nan,4,1
2026-09-15 16:49:14,nan,nan,1,1
